Date,Open,High,Low,Close
20200901,5449.82,5497.32,5449.82,5497.32
20200902,5516.17,5522.01,5450.51,5505.74
20200903,5503.94,5530.11,5459.93,5469.79
20200904,5376.96,5429.21,5376.96,5421.34
20200907,5414.05,5447.77,5294.24,5307.01
20200908,5323.44,5345.4,5279.84,5336.6
20200909,5268.0,5273.05,5178.55,5199.37
20200910,5249.68,5257.06,5162.54,5173.56
20200911,5160.6,5239.84,5160.6,5237.35
20200914,5269.29,5298.15,5248.89,5277.35
20200915,5278.36,5325.81,5262.82,5323.0
20200916,5316.24,5316.24,5265.37,5282.26
20200917,5267.22,5298.92,5231.52,5267.81
20200918,5273.4,5367.5,5270.48,5367.5
20200921,5378.31,5378.31,5318.05,5321.31
20200922,5280.08,5318.31,5247.87,5253.9
20200923,5261.94,5293.36,5249.77,5281.51
20200924,5245.57,5245.57,5168.3,5168.3
20200925,5191.98,5203.53,5153.19,5168.06
20200928,5184.79,5205.85,5159.71,5167.09
20200929,5196.23,5215.13,5179.71,5194.42
20200930,5212.61,5245.11,5171.6,5195.33
20201009,5290.33,5339.04,5290.33,5324.93
20201012,5357.82,5486.06,5357.82,5486.06
20201013,5478.97,5511.03,5458.19,5504.18
20201014,5495.72,5495.72,5462.49,5471.94
20201015,5476.35,5483.75,5453.18,5453.18
20201016,5452.89,5469.22,5406.65,5435.46
20201019,5473.12,5489.78,5384.24,5394.39
20201020,5392.6,5449.03,5385.87,5449.03
20201021,5457.08,5457.08,5395.42,5424.73
20201022,5408.69,5408.69,5346.42,5401.81
20201023,5402.2,5425.9,5322.92,5326.09
20201026,5292.94,5333.39,5261.13,5321.13
20201027,5307.72,5339.68,5300.08,5330.24
20201028,5331.78,5387.64,5311.31,5374.1
20201029,5311.06,5435.76,5311.06,5409.42
20201030,5419.26,5419.26,5322.51,5326.33
20201102,5336.6,5379.53,5326.45,5367.02
20201103,5392.93,5444.91,5392.93,5433.06
20201104,5438.22,5473.6,5429.02,5471.58
20201105,5526.66,5557.56,5507.66,5557.56
20201106,5573.7,5573.7,5507.74,5546.89
20201109,5586.27,5675.31,5586.27,5659.17
20201110,5671.27,5671.27,5603.87,5620.69
20201111,5603.28,5612.4,5548.95,5548.95
20201112,5568.58,5577.49,5544.26,5562.48
20201113,5543.72,5543.72,5487.11,5522.1
20201116,5547.08,5572.11,5510.61,5572.11
20201117,5571.38,5571.38,5509.46,5541.17
20201118,5535.63,5558.88,5508.65,5532.72
20201119,5521.89,5571.54,5513.99,5566.21
20201120,5567.85,5599.62,5567.85,5598.92
20201123,5616.15,5679.27,5610.99,5661.67
20201124,5657.65,5657.65,5626.73,5636.44
20201125,5653.44,5656.66,5554.24,5554.24
20201126,5552.34,5564.84,5504.2,5554.53
20201127,5565.68,5603.62,5543.29,5603.62
20201130,5614.32,5664.37,5582.73,5582.73
20201201,5585.51,5699.66,5585.51,5696.53
20201202,5703.61,5705.14,5672.32,5694.8
20201203,5693.86,5693.86,5665.1,5683.71
20201204,5677.88,5710.02,5658.86,5709.03
20201207,5712.26,5712.26,5664.83,5673.18
20201208,5681.31,5692.96,5656.41,5665.39
20201209,5678.38,5678.38,5585.43,5586.11
20201210,5572.77,5611.36,5556.8,5588.71
20201211,5609.52,5609.52,5479.28,5524.98
20201214,5537.91,5580.98,5523.43,5578.26
20201215,5576.25,5608.67,5558.22,5602.61
20201216,5615.66,5623.29,5592.99,5610.84
20201217,5617.39,5680.9,5609.78,5676.68
20201218,5676.71,5685.18,5646.25,5662.23
20201221,5663.71,5741.24,5648.23,5741.24
20201222,5725.52,5745.48,5641.48,5643.71
20201223,5656.34,5719.34,5656.34,5696.6
20201224,5695.98,5716.69,5655.97,5675.97
20201225,5659.74,5728.04,5658.49,5728.04
20201228,5731.71,5766.83,5716.0,5739.37
20201229,5745.19,5746.01,5708.6,5710.8
20201230,5711.27,5804.12,5711.27,5804.12
20201231,5814.86,5911.5,5814.86,5910.32
20210104,5917.31,6020.26,5917.31,6008.25
20210105,5981.41,6104.18,5981.41,6104.18
20210106,6125.57,6162.23,6071.77,6152.6
20210107,6159.41,6250.9,6152.86,6250.9
20210108,6268.62,6268.62,6192.27,6244.36
20210111,6254.27,6297.46,6152.24,6183.55
20210112,6160.57,6342.78,6160.57,6342.78
20210113,6357.15,6387.41,6271.07,6316.86
20210114,6288.34,6288.34,6195.79,6200.97
20210115,6199.84,6225.13,6115.34,6193.47
20210118,6171.17,6286.0,6168.19,6271.03
20210119,6276.29,6277.79,6149.33,6172.69
20210120,6180.97,6251.57,6180.97,6236.96
20210121,6256.51,6367.66,6256.51,6338.65
20210122,6335.68,6371.67,6293.24,6367.4
20210125,6363.06,6465.69,6343.54,6417.91
20210126,6386.64,6386.64,6277.77,6279.3
20210127,6277.3,6308.9,6217.62,6300.5
20210128,6207.39,6227.22,6105.63,6118.35
20210129,6163.02,6173.85,6007.74,6078.87
20210201,6083.29,6158.16,6083.29,6155.65
20210202,6170.53,6253.18,6141.74,6250.85
20210203,6255.77,6288.96,6227.38,6228.09
20210204,6198.16,6252.02,6144.96,6213.22
20210205,6238.31,6274.4,6189.45,6192.76
20210208,6218.28,6309.19,6201.81,6305.53
20210209,6330.98,6444.83,6317.16,6444.83
20210210,6473.68,6590.55,6473.68,6577.13
20210218,6712.15,6712.15,6527.5,6545.17
20210219,6506.6,6564.02,6433.26,6558.11
20210222,6570.9,6570.9,6373.41,6373.41
20210223,6314.29,6416.42,6314.29,6350.44
20210224,6364.36,6364.36,6146.36,6188.31
20210225,6259.28,6271.53,6191.3,6208.01
20210226,6062.05,6139.32,6045.66,6059.9
20210301,6122.91,6178.88,6092.48,6175.4
20210302,6216.91,6216.91,6047.78,6100.19
20210303,6077.24,6208.99,6075.13,6208.99
20210304,6138.32,6138.32,5999.26,6015.65
20210305,5912.72,6026.47,5907.97,5988.56
20210308,6032.27,6046.73,5780.11,5780.11
20210309,5761.83,5790.85,5585.07,5655.17
20210310,5747.46,5747.46,5673.22,5688.28
20210311,5711.23,5841.69,5707.13,5833.9
20210312,5866.63,5866.63,5791.53,5852.4
20210315,5819.98,5819.98,5682.24,5728.33
20210316,5749.22,5778.9,5706.06,5775.38
20210317,5755.79,5817.21,5707.78,5803.25
20210318,5819.61,5860.09,5819.61,5852.63
20210319,5763.52,5787.67,5670.68,5699.52
20210322,5703.01,5771.17,5697.5,5754.95
20210323,5754.82,5754.82,5646.62,5686.2
20210324,5657.76,5697.26,5580.05,5586.29
20210325,5558.1,5613.19,5547.42,5592.3
20210326,5621.77,5740.02,5621.77,5725.55
20210329,5744.18,5770.83,5705.24,5734.19
20210330,5728.72,5799.3,5728.72,5791.66
20210331,5784.17,5784.17,5711.99,5747.41
20210401,5760.86,5826.97,5760.86,5823.45
20210402,5842.03,5885.72,5829.75,5874.1
20210406,5893.14,5893.14,5835.41,5852.78
20210407,5859.58,5859.58,5768.15,5819.23
20210408,5792.94,5847.74,5792.94,5828.24
20210409,5818.46,5818.46,5735.26,5747.94
20210412,5740.91,5755.0,5631.33,5644.62
20210413,5645.59,5695.9,5621.09,5637.59
20210414,5648.99,5707.19,5648.99,5701.81
20210415,5687.16,5687.16,5613.63,5666.88
20210416,5685.85,5700.64,5636.18,5689.23
20210419,5689.35,5833.29,5689.35,5832.82
20210420,5808.78,5862.51,5808.78,5825.43
20210421,5789.27,5838.01,5781.29,5832.46
20210422,5853.3,5853.3,5808.7,5830.75
20210423,5830.25,5898.71,5830.25,5889.83
20210426,5916.36,5949.9,5827.99,5830.56
20210427,5827.71,5843.93,5789.05,5842.14
20210428,5824.66,5879.91,5813.5,5879.91
20210429,5891.77,5926.85,5873.04,5922.54
20210430,5915.74,5937.87,5871.12,5897.59
20210506,5875.18,5895.95,5798.49,5833.79
20210507,5851.46,5863.97,5755.95,5755.95
20210510,5768.02,5791.21,5721.41,5764.59
20210511,5720.75,5792.46,5678.21,5779.37
20210512,5758.76,5812.12,5758.76,5807.62
20210513,5744.8,5775.98,5721.04,5736.59
20210514,5754.04,5853.67,5728.46,5853.31
20210517,5864.05,5965.24,5864.05,5947.21
20210518,5953.46,5953.46,5921.09,5950.54
20210519,5933.6,5955.09,5921.41,5941.54
20210520,5930.14,5956.71,5920.19,5941.72
20210521,5959.89,5974.97,5888.53,5895.27
20210524,5898.2,5919.95,5858.47,5919.95
20210525,5931.89,6089.63,5931.89,6087.65
20210526,6095.66,6104.88,6074.27,6088.82
20210527,6082.58,6135.03,6067.77,6120.46
20210528,6125.56,6154.15,6085.68,6109.53
20210531,6113.09,6139.47,6084.78,6139.47
20210601,6125.62,6156.17,6086.95,6154.66
20210602,6164.42,6164.42,6083.13,6094.16
20210603,6092.05,6118.03,6053.73,6053.73
20210604,6025.42,6132.13,6025.42,6089.26
20210607,6093.32,6093.32,6043.33,6081.27
20210608,6081.44,6116.59,6013.38,6041.09
20210609,6034.83,6064.76,6034.83,6056.56
20210610,6056.99,6144.11,6056.99,6119.88
20210611,6129.86,6129.86,6064.19,6083.1
20210615,6080.3,6080.3,5990.48,6013.55
20210616,6008.23,6008.23,5885.13,5889.21
20210617,5882.81,5942.38,5882.81,5929.28
20210618,5935.17,5968.82,5903.97,5945.65
20210621,5931.03,5971.91,5926.03,5949.45
20210622,5966.66,5984.76,5944.12,5982.76
20210623,5990.12,6053.28,5990.12,6029.77
20210624,6041.46,6041.46,5995.31,6024.87
20210625,6029.13,6125.86,6029.13,6114.66
20210628,6129.55,6147.26,6119.97,6144.37
20210629,6149.94,6149.94,6079.67,6084.5
20210630,6084.55,6138.18,6084.55,6135.48
20210701,6153.55,6156.75,6093.91,6125.53
20210702,6076.84,6076.84,5956.0,5961.76
20210705,5958.12,5987.91,5933.02,5977.81
20210706,5986.28,5994.04,5905.08,5968.6
20210707,5932.23,6059.5,5932.23,6053.03
20210708,6065.11,6065.11,6006.14,6013.08
20210709,5983.81,6019.46,5928.84,6005.15
20210712,6053.68,6128.21,6038.64,6108.0
20210713,6098.83,6128.1,6080.5,6113.5
20210714,6097.6,6097.6,6033.48,6039.68
20210715,6025.16,6113.21,6020.1,6113.21
20210716,6100.54,6100.54,6034.51,6037.06
20210719,6029.99,6055.53,5989.99,6054.57
20210720,6010.4,6058.47,6000.39,6055.58
20210721,6076.54,6137.02,6076.54,6120.05
20210722,6131.62,6138.82,6116.33,6136.11
20210723,6132.6,6132.6,6044.99,6059.25
20210726,6035.1,6035.1,5805.52,5887.64
20210727,5890.34,5909.36,5680.9,5680.9
20210728,5633.31,5723.47,5600.71,5690.38
20210729,5802.13,5836.4,5769.43,5832.18
20210730,5810.88,5815.03,5745.66,5800.26
20210802,5785.91,5927.99,5752.31,5927.99
20210803,5903.61,5940.89,5886.65,5910.1
20210804,5900.55,5991.38,5900.55,5991.38
20210805,5955.53,5994.21,5936.62,5955.47
20210806,5957.11,5957.11,5895.07,5928.87
20210809,5887.81,5981.39,5887.81,5968.36
20210810,5959.26,6020.19,5930.33,6020.19
20210811,6015.23,6035.66,5998.46,5998.51
20210812,5976.91,5997.58,5951.0,5958.76
20210813,5932.88,5985.76,5900.87,5926.74
20210816,5911.72,5937.5,5894.07,5899.81
20210817,5897.38,5913.48,5750.3,5766.36
20210818,5771.4,5820.87,5754.7,5814.07
20210819,5806.35,5827.09,5766.98,5799.53
20210820,5747.22,5753.38,5638.86,5695.0
20210823,5710.48,5799.31,5701.41,5796.37
20210824,5805.53,5872.11,5799.1,5856.87
20210825,5864.97,5886.59,5838.61,5886.59
20210826,5886.63,5886.63,5782.72,5782.72
20210827,5772.15,5841.18,5772.15,5818.03
20210830,5845.13,5849.11,5789.15,5820.95
20210831,5811.12,5813.16,5733.14,5802.57
20210901,5805.26,5855.83,5754.69,5832.35
20210902,5827.38,5852.95,5818.7,5838.75
20210903,5837.91,5843.38,5787.67,5802.26
20210906,5805.26,5923.25,5805.26,5915.32
20210907,5915.45,5995.73,5913.27,5984.95
20210908,5980.93,5995.74,5948.05,5964.34
20210909,5948.16,5973.65,5926.8,5973.65
20210910,5964.58,6024.61,5964.58,6012.27
20210913,6007.28,6025.53,5967.17,5993.7
20210914,5988.56,6019.2,5926.21,5931.63
20210915,5914.64,5917.58,5855.25,5883.49
20210916,5885.92,5893.74,5792.72,5792.72
20210917,5775.86,5832.48,5761.7,5827.77
20210922,5732.6,5813.8,5732.6,5806.3
20210923,5845.35,5858.41,5827.97,5839.59
20210924,5829.5,5878.9,5817.17,5822.87
20210927,5852.03,5880.5,5795.89,5828.92
20210928,5815.32,5846.96,5801.02,5826.69
20210929,5778.85,5785.29,5720.05,5746.27
20210930,5761.69,5821.9,5761.69,5812.6
20211008,5878.44,5884.37,5838.59,5869.22
20211011,5881.09,5904.65,5862.94,5866.91
20211012,5851.08,5851.08,5741.53,5788.12
20211013,5786.17,5866.57,5778.05,5860.55
20211014,5855.22,5866.68,5833.55,5846.66
20211015,5829.95,5890.54,5829.95,5886.57
20211018,5882.07,5882.07,5810.16,5846.77
20211019,5845.57,5896.53,5845.57,5892.99
20211020,5893.13,5906.83,5871.6,5883.56
20211021,5887.73,5912.11,5868.42,5898.22
20211022,5907.79,5955.29,5907.79,5920.21
20211025,5904.15,5954.55,5903.78,5952.66
20211026,5970.57,5985.63,5926.38,5932.27
20211027,5916.79,5916.79,5853.59,5870.53
20211028,5855.25,5855.83,5807.61,5819.06
20211029,5820.97,5894.05,5815.48,5894.05
20211101,5860.23,5904.35,5855.43,5877.44
20211102,5874.14,5903.21,5781.96,5824.05
20211103,5817.27,5835.32,5775.75,5800.75
20211104,5826.11,5862.78,5826.11,5861.45
20211105,5849.52,5882.69,5823.74,5823.74
20211108,5824.62,5856.85,5814.98,5839.17
20211109,5854.73,5856.18,5824.17,5852.7
20211110,5830.95,5830.95,5742.96,5813.94
20211111,5807.85,5896.63,5807.85,5896.63
20211112,5902.56,5903.62,5874.28,5888.68
20211115,5897.14,5897.14,5846.86,5866.55
20211116,5864.01,5894.12,5852.69,5855.15
20211117,5860.48,5877.41,5847.64,5877.41
20211118,5862.93,5862.93,5815.99,5825.67
20211119,5821.31,5890.79,5821.31,5890.79
20211122,5901.92,5947.79,5901.92,5946.76
20211123,5938.26,5955.4,5932.59,5939.5
20211124,5941.17,5955.04,5922.09,5937.12
20211125,5935.78,5938.89,5912.8,5917.67
20211126,5904.64,5909.58,5876.12,5881.7
20211129,5829.89,5887.94,5829.89,5887.94
20211130,5900.18,5907.81,5852.29,5873.97
20211201,5871.14,5878.75,5855.09,5878.75
20211202,5871.64,5896.17,5870.73,5882.73
20211203,5885.51,5934.43,5883.45,5934.43
20211206,5935.09,5956.89,5898.1,5901.36
20211207,5943.72,5943.72,5875.31,5908.07
20211208,5925.56,6000.39,5912.51,6000.39
20211209,6005.08,6100.78,6005.08,6076.18
20211210,6037.99,6063.85,6037.99,6059.84
20211213,6096.29,6144.55,6095.92,6100.57
20211214,6082.31,6082.31,6056.8,6061.81
20211215,6047.19,6070.48,6015.09,6015.09
20211216,6018.48,6056.57,6010.28,6056.57
20211217,6042.29,6042.29,5963.42,5963.42
20211220,5940.97,5976.5,5862.01,5866.87
20211221,5862.1,5916.22,5862.1,5913.35
20211222,5928.25,5942.15,5918.23,5927.96
20211223,5938.49,5964.54,5926.89,5964.54
20211224,5970.81,5973.15,5906.91,5921.26
20211227,5914.68,5940.69,5888.88,5911.33
20211228,5917.78,5950.96,5906.33,5950.72
20211229,5951.22,5951.22,5873.8,5873.8
20211230,5872.6,5941.86,5872.6,5921.15
20211231,5937.72,5950.43,5929.0,5946.59
20220104,5969.93,5969.93,5874.24,5918.18
20220105,5905.27,5905.27,5826.33,5843.02
20220106,5812.24,5825.32,5758.46,5793.98
20220107,5801.03,5835.58,5785.07,5789.44
20220110,5778.05,5815.86,5754.79,5815.68
20220111,5812.12,5815.9,5751.11,5756.27
20220112,5784.31,5820.8,5780.29,5819.56
20220113,5830.48,5830.48,5721.89,5721.89
20220114,5694.65,5727.19,5686.41,5688.78
20220117,5692.6,5753.32,5692.6,5748.23
20220118,5748.63,5807.45,5748.63,5795.1
20220119,5796.07,5796.07,5722.28,5750.42
20220120,5748.88,5796.81,5748.88,5775.12
20220121,5757.41,5757.41,5697.97,5717.54
20220124,5687.41,5743.14,5687.41,5727.52
20220125,5698.13,5704.52,5584.99,5584.99
20220126,5607.95,5629.01,5564.72,5620.96
20220127,5616.28,5616.28,5495.51,5497.25
20220128,5530.45,5530.45,5429.71,5435.23
20220207,5527.46,5554.9,5506.09,5523.91
20220208,5516.39,5516.39,5404.05,5504.02
20220209,5503.98,5573.48,5493.88,5565.43
20220210,5571.57,5571.57,5518.94,5552.24
20220211,5525.45,5567.24,5489.59,5495.93
20220214,5467.99,5493.0,5421.24,5443.93
20220215,5447.48,5507.57,5447.48,5506.28
20220216,5529.99,5553.8,5513.79,5527.48
20220217,5525.26,5564.71,5517.39,5541.82
20220218,5511.49,5573.07,5511.49,5573.07
20220221,5569.58,5569.58,5536.52,5559.14
20220222,5521.66,5521.66,5461.67,5490.21
20220223,5498.93,5565.05,5498.93,5563.02
20220224,5527.33,5551.13,5404.77,5453.18
20220225,5496.6,5554.25,5494.65,5505.8
20220228,5497.66,5523.09,5470.99,5523.09
20220301,5541.15,5561.88,5521.09,5559.84
20220302,5530.76,5530.76,5494.73,5512.81
20220303,5533.75,5533.75,5474.83,5477.91
20220304,5430.68,5458.57,5387.91,5405.51
20220307,5370.14,5370.14,5224.41,5236.45
20220308,5245.12,5249.03,5110.56,5122.25
20220309,5139.48,5154.46,4891.57,5074.85
20220310,5193.89,5211.3,5156.61,5160.58
20220311,5086.66,5179.77,5021.86,5175.83
20220314,5108.13,5139.8,5019.8,5019.8
20220315,4963.5,5002.8,4778.88,4778.88
20220316,4866.6,4990.61,4731.58,4980.24
20220317,5078.06,5153.4,5066.65,5084.8
20220318,5062.86,5137.89,5042.61,5121.25
20220321,5139.5,5150.17,5082.58,5119.37
20220322,5112.81,5139.83,5098.59,5116.69
20220323,5134.11,5152.32,5101.19,5143.95
20220324,5113.69,5138.96,5073.23,5110.49
20220325,5108.51,5112.06,5019.0,5019.0
20220328,4966.65,5012.12,4929.23,4992.3
20220329,5001.66,5024.01,4965.01,4970.51
20220330,5002.25,5107.48,5001.01,5107.48
20220331,5086.47,5086.47,5054.72,5061.53
20220401,5032.63,5128.83,5032.63,5117.28
20220406,5099.62,5105.62,5069.46,5099.74
20220407,5070.96,5103.57,5031.06,5031.06
20220408,5034.97,5058.81,4983.64,5052.46
20220411,5021.66,5021.66,4878.16,4887.54
20220412,4890.1,4975.75,4859.38,4975.75
20220413,4945.91,4987.1,4923.65,4923.65
20220414,4961.16,5015.05,4945.01,4985.5
20220415,4951.67,4999.21,4946.72,4968.77
20220418,4929.16,4957.58,4913.05,4953.2
20220419,4949.86,4965.39,4906.6,4925.82
20220420,4921.81,4921.81,4835.12,4838.8
20220421,4813.57,4855.27,4709.31,4729.12
20220422,4696.38,4772.52,4690.69,4741.82
20220425,4649.61,4651.92,4484.45,4484.45
20220426,4492.28,4547.0,4430.28,4436.91
20220427,4406.44,4591.57,4406.44,4591.57
20220428,4575.23,4633.93,4567.72,4615.85
20220429,4639.16,4746.24,4605.88,4745.73
20220505,4723.36,4783.91,4722.68,4749.48
20220506,4646.23,4668.09,4626.03,4630.76
20220509,4602.98,4636.98,4579.2,4603.14
20220510,4533.55,4657.03,4533.55,4655.1
20220511,4654.35,4793.5,4654.35,4724.33
20220512,4692.56,4728.37,4676.45,4706.89
20220513,4736.42,4747.83,4705.45,4743.89
20220516,4778.44,4778.44,4708.18,4715.22
20220517,4721.16,4774.9,4709.5,4774.9
20220518,4783.86,4783.86,4736.19,4758.58
20220519,4691.62,4775.09,4691.62,4775.09
20220520,4799.69,4866.11,4799.69,4866.11
20220523,4872.32,4872.32,4815.3,4846.71
20220524,4844.53,4844.53,4718.35,4718.35
20220525,4718.8,4752.82,4709.53,4752.59
20220526,4759.17,4792.71,4705.83,4773.4
20220527,4807.95,4827.23,4760.92,4781.58
20220530,4805.6,4828.3,4786.82,4821.24
20220531,4824.48,4896.41,4809.91,4895.1
20220601,4888.08,4900.66,4864.66,4892.27
20220602,4870.31,4912.34,4870.31,4910.26
20220606,4913.78,5008.67,4902.38,5007.95
20220607,5008.01,5028.79,4990.12,5014.86
20220608,5023.95,5062.67,4980.3,5059.96
20220609,5049.38,5051.27,4982.45,4997.56
20220610,4960.53,5078.69,4960.53,5077.12
20220613,5026.63,5058.32,4996.75,5032.02
20220614,4975.18,5057.46,4917.86,5057.46
20220615,5062.54,5184.68,5062.54,5103.63
20220616,5108.53,5136.43,5070.75,5085.32
20220617,5049.24,5164.4,5049.24,5158.75
20220620,5175.68,5222.84,5152.09,5183.93
20220621,5180.12,5199.66,5128.74,5167.81
20220622,5175.26,5175.26,5096.67,5096.67
20220623,5106.84,5191.96,5083.44,5191.96
20220624,5205.14,5258.79,5205.14,5258.23
20220627,5283.26,5346.37,5283.26,5315.96
20220628,5316.09,5381.16,5285.17,5381.16
20220629,5362.12,5390.86,5280.41,5288.53
20220630,5287.62,5396.39,5287.62,5364.32
20220701,5367.45,5369.68,5331.0,5348.78
20220704,5329.06,5391.5,5329.06,5391.5
20220705,5403.37,5410.67,5326.73,5388.13
20220706,5370.88,5370.88,5271.09,5308.38
20220707,5309.13,5350.73,5271.47,5337.58
20220708,5369.23,5369.23,5312.32,5312.67
20220711,5286.26,5286.26,5185.29,5215.34
20220712,5212.01,5228.53,5146.16,5159.01
20220713,5160.16,5193.15,5124.63,5173.34
20220714,5160.56,5212.75,5157.09,5186.02
20220715,5161.16,5209.35,5101.8,5101.8
20220718,5117.63,5163.43,5077.11,5160.73
20220719,5157.83,5157.83,5106.25,5140.25
20220720,5166.61,5177.62,5152.29,5164.83
20220721,5150.01,5155.17,5107.79,5107.79
20220722,5125.06,5134.66,5066.34,5101.26
20220725,5098.29,5101.4,5054.52,5065.65
20220726,5073.89,5122.16,5071.9,5109.57
20220727,5098.63,5105.07,5083.04,5093.77
20220728,5116.25,5142.97,5094.27,5097.12
20220729,5099.91,5112.5,5029.86,5034.18
20220801,5023.36,5067.18,4991.38,5064.4
20220802,5010.6,5010.6,4926.23,4958.26
20220803,4967.06,4995.22,4908.82,4912.54
20220804,4940.6,4957.07,4913.02,4951.83
20220805,4962.58,5028.51,4956.34,5026.27
20220808,5011.28,5027.44,5010.17,5026.75
20220809,5021.26,5042.88,5010.9,5040.32
20220810,5032.03,5044.2,4977.67,4990.32
20220811,5014.71,5084.1,4999.35,5084.1
20220812,5074.45,5091.75,5068.72,5076.57
20220815,5064.05,5111.31,5064.05,5079.98
20220816,5084.6,5104.61,5065.08,5074.68
20220817,5080.44,5114.44,5048.42,5112.8
20220818,5099.7,5099.7,5069.03,5073.07
20220819,5068.19,5076.82,5029.82,5029.82
20220822,5012.72,5080.28,5010.54,5080.28
20220823,5072.8,5074.61,5042.75,5057.93
20220824,5067.01,5067.01,4944.17,4944.17
20220825,4957.87,4978.94,4911.16,4978.94
20220826,4991.6,5007.73,4957.58,4962.93
20220829,4904.6,4946.04,4904.6,4944.53
20220830,4942.83,4945.73,4900.23,4922.82
20220831,4899.39,4932.93,4869.37,4900.1
20220901,4886.61,4915.22,4858.92,4858.92
20220902,4871.84,4871.84,4824.36,4843.38
20220905,4829.25,4836.13,4808.28,4836.13
20220906,4847.78,4891.3,4835.82,4890.41
20220907,4866.14,4912.4,4866.14,4900.86
20220908,4904.29,4906.97,4874.05,4875.09
20220909,4889.58,4942.41,4889.58,4939.15
20220913,4961.67,4971.72,4945.08,4955.98
20220914,4889.87,4926.22,4887.53,4902.15
20220915,4921.19,4921.19,4803.83,4837.22
20220916,4819.89,4819.89,4727.19,4727.19
20220919,4721.28,4747.33,4697.64,4715.27
20220920,4738.52,4756.04,4715.06,4728.67
20220921,4713.99,4718.94,4676.45,4699.39
20220922,4664.27,4693.74,4657.9,4662.82
20220923,4657.36,4681.43,4606.91,4634.59
20220926,4600.74,4672.4,4600.74,4604.36
20220927,4614.11,4673.07,4596.73,4673.07
20220928,4658.35,4658.35,4579.13,4579.78
20220929,4624.93,4634.71,4565.79,4583.42
20220930,4588.31,4605.72,4546.88,4547.41
20221010,4549.98,4549.98,4441.14,4445.62
20221011,4458.75,4472.63,4432.95,4460.14
20221012,4454.85,4536.16,4382.59,4536.16
20221013,4502.04,4533.61,4501.69,4505.74
20221014,4541.85,4637.43,4541.85,4616.75
20221017,4593.29,4632.47,4587.87,4629.34
20221018,4651.97,4651.97,4615.38,4623.59
20221019,4611.2,4620.74,4555.65,4555.65
20221020,4520.22,4573.17,4495.21,4524.66
20221021,4520.07,4537.9,4491.24,4507.88
20221024,4494.27,4542.5,4390.08,4393.9
20221025,4377.99,4431.47,4342.8,4385.73
20221026,4391.37,4468.57,4391.37,4431.15
20221027,4443.88,4465.21,4403.55,4403.55
20221028,4371.76,4375.9,4275.72,4282.57
20221031,4239.22,4296.44,4239.22,4254.26
20221101,4266.0,4398.88,4266.0,4398.88
20221102,4384.73,4477.32,4384.73,4452.05
20221103,4412.14,4445.59,4405.57,4424.78
20221104,4424.46,4576.08,4424.46,4565.41
20221107,4556.13,4593.19,4551.85,4575.78
20221108,4574.42,4574.42,4522.78,4550.81
20221109,4554.6,4560.04,4510.61,4512.03
20221110,4476.82,4486.78,4447.95,4471.7
20221111,4594.2,4625.09,4548.13,4582.53
20221114,4613.33,4635.21,4567.59,4580.57
20221115,4574.11,4667.11,4574.11,4667.11
20221116,4663.92,4684.05,4626.32,4631.86
20221117,4616.67,4616.67,4561.95,4614.68
20221118,4619.31,4633.72,4593.21,4593.21
20221121,4555.35,4565.35,4524.07,4565.35
20221122,4560.92,4594.27,4541.32,4555.25
20221123,4544.37,4571.17,4526.79,4559.08
20221124,4578.11,4578.11,4539.89,4542.31
20221125,4534.28,4565.44,4531.76,4551.89
20221128,4466.11,4506.96,4444.82,4506.96
20221129,4543.76,4633.89,4543.76,4631.24
20221130,4618.41,4646.88,4614.87,4638.82
20221201,4713.03,4720.18,4687.99,4688.25
20221202,4677.99,4691.91,4657.46,4660.69
20221205,4700.26,4738.31,4696.16,4737.68
20221206,4717.96,4777.93,4717.96,4759.91
20221207,4746.14,4783.97,4737.43,4750.2
20221208,4743.75,4756.16,4734.62,4745.62
20221209,4748.94,4792.61,4732.91,4788.88
20221212,4765.61,4768.54,4741.46,4742.43
20221213,4741.8,4741.8,4717.79,4722.22
20221214,4730.21,4741.67,4715.99,4724.62
20221215,4723.43,4731.11,4697.51,4729.55
20221216,4702.94,4722.23,4691.53,4719.39
20221219,4714.98,4724.47,4630.99,4645.73
20221220,4630.68,4630.68,4555.08,4573.33
20221221,4583.33,4594.32,4554.16,4566.63
20221222,4598.51,4610.33,4542.53,4558.78
20221223,4530.77,4567.45,4526.68,4547.99
20221226,4549.63,4593.15,4549.63,4582.58
20221227,4600.48,4633.28,4599.55,4629.31
20221228,4614.0,4624.02,4590.64,4607.09
20221229,4587.68,4607.41,4575.95,4592.26
20221230,4612.46,4627.46,4605.18,4605.18
20230103,4599.46,4647.68,4571.31,4642.81
20230104,4640.34,4658.55,4621.06,4642.45
20230105,4663.47,4731.66,4663.47,4728.51
20230106,4728.53,4765.44,4728.53,4746.14
20230109,4766.44,4791.48,4766.42,4779.08
20230110,4781.82,4798.25,4769.12,4787.71
20230111,4790.0,4818.4,4775.57,4776.91
20230112,4790.81,4804.89,4770.36,4785.03
20230113,4801.99,4840.45,4799.94,4840.45
20230116,4844.41,4953.64,4844.41,4912.45
20230117,4914.69,4918.52,4895.78,4913.72
20230118,4919.29,4927.13,4906.9,4912.39
20230119,4907.59,4945.76,4886.98,4945.76
20230120,4958.06,4985.0,4958.06,4982.74
20230130,5083.97,5083.97,5009.21,5011.25
20230131,5007.47,5014.88,4966.73,4969.58
20230201,4984.93,5018.3,4953.05,5018.3
20230202,5029.54,5029.54,4998.17,5006.98
20230203,4985.82,4985.82,4919.13,4966.35
20230206,4924.18,4924.73,4882.76,4906.49
20230207,4917.9,4924.5,4897.4,4916.94
20230208,4923.08,4928.12,4890.43,4892.09
20230209,4880.74,4960.12,4880.74,4960.12
20230210,4952.85,4953.19,4914.79,4931.58
20230213,4923.82,4977.57,4923.82,4977.02
20230214,4985.94,4985.94,4955.63,4978.38
20230215,4980.18,4980.18,4951.18,4956.92
20230216,4957.31,5001.81,4892.01,4909.83
20230217,4902.73,4922.32,4840.36,4840.36
20230220,4844.23,4955.19,4842.92,4953.71
20230221,4951.78,4978.18,4938.05,4970.09
20230222,4939.76,4952.65,4922.9,4929.67
20230223,4929.24,4949.91,4905.55,4922.76
20230224,4921.26,4921.26,4864.17,4878.25
20230227,4853.89,4884.56,4849.73,4856.07
20230228,4873.08,4890.49,4837.13,4886.28
20230301,4885.19,4955.05,4884.05,4952.18
20230302,4944.55,4960.53,4935.85,4940.32
20230303,4947.84,4956.49,4917.02,4951.67
20230306,4952.57,4952.57,4907.34,4932.75
20230307,4925.8,4942.51,4853.43,4855.38
20230308,4834.63,4849.46,4819.93,4845.87
20230309,4848.78,4854.28,4811.76,4830.83
20230310,4797.47,4807.77,4766.49,4766.49
20230313,4759.19,4810.08,4759.19,4810.08
20230314,4800.38,4800.38,4731.74,4776.44
20230315,4806.66,4816.47,4779.1,4779.42
20230316,4744.21,4764.31,4714.79,4716.27
20230317,4752.77,4791.78,4734.52,4743.62
20230320,4749.04,4768.49,4717.84,4722.61
20230321,4732.63,4781.3,4732.63,4781.26
20230322,4794.51,4817.33,4789.4,4806.47
20230323,4788.99,4850.07,4788.99,4850.07
20230324,4847.52,4849.28,4830.23,4841.55
20230327,4838.01,4838.01,4800.33,4830.88
20230328,4833.26,4833.26,4799.55,4805.37
20230329,4819.84,4825.83,4801.96,4811.51
20230330,4813.51,4846.89,4783.02,4845.72
20230331,4851.86,4869.83,4851.86,4868.38
20230403,4878.99,4927.82,4878.99,4924.86
20230404,4923.06,4930.73,4908.2,4930.73
20230406,4905.27,4930.46,4905.27,4928.78
20230407,4929.52,4965.11,4929.52,4963.72
20230410,4973.04,4973.04,4932.26,4935.5
20230411,4936.48,4941.91,4911.85,4933.52
20230412,4935.3,4948.47,4929.24,4939.48
20230413,4923.15,4928.87,4893.76,4900.55
20230414,4912.95,4936.06,4910.31,4933.36
20230417,4927.11,4984.76,4927.11,4984.76
20230418,4972.55,4998.45,4972.55,4995.86
20230419,4991.87,4991.87,4952.02,4955.11
20230420,4951.22,4951.22,4920.32,4943.7
20230421,4943.39,4943.39,4836.78,4836.78
20230424,4835.36,4835.36,4767.61,4782.88
20230425,4782.18,4782.18,4699.05,4737.78
20230426,4721.05,4765.16,4713.35,4741.32
20230427,4726.09,4776.7,4726.09,4763.83
20230428,4764.54,4819.53,4764.54,4819.14
20230504,4799.37,4811.37,4793.02,4808.14
20230505,4806.19,4807.96,4763.22,4777.25
20230508,4790.29,4826.97,4788.14,4825.64
20230509,4825.8,4843.23,4776.09,4776.09
20230510,4765.19,4768.19,4737.14,4756.12
20230511,4766.34,4771.37,4747.25,4747.68
20230512,4741.75,4748.94,4681.51,4681.51
20230515,4683.5,4753.98,4674.98,4753.98
20230516,4758.34,4758.34,4714.03,4724.9
20230517,4716.79,4729.97,4694.11,4711.7
20230518,4718.68,4730.96,4692.75,4710.22
20230519,4698.65,4722.59,4685.56,4699.29
20230522,4697.34,4732.57,4691.39,4723.37
20230523,4722.13,4722.13,4661.3,4661.3
20230524,4649.15,4654.51,4607.17,4607.17
20230525,4599.77,4610.89,4554.59,4595.79
20230526,4592.29,4607.5,4558.95,4599.61
20230529,4614.42,4614.42,4568.58,4579.03
20230530,4570.26,4592.77,4533.93,4592.77
20230531,4579.49,4579.49,4528.34,4548.86
20230601,4535.46,4591.82,4535.46,4562.89
20230602,4579.73,4632.91,4579.73,4629.38
20230605,4627.55,4627.55,4601.97,4612.11
20230606,4607.37,4622.72,4557.33,4559.01
20230607,4565.42,4565.6,4526.76,4537.26
20230608,4536.78,4569.93,4526.52,4558.22
20230609,4561.61,4587.19,4551.85,4587.19
20230612,4575.89,4614.32,4567.84,4599.42
20230613,4590.9,4625.0,4590.9,4624.15
20230614,4631.82,4647.39,4624.96,4625.96
20230615,4635.26,4696.73,4635.26,4696.73
20230616,4703.02,4750.33,4703.02,4746.53
20230619,4740.66,4740.66,4708.76,4716.63
20230620,4709.8,4729.16,4702.99,4714.91
20230621,4696.26,4697.38,4630.25,4630.25
20230626,4593.15,4601.28,4555.22,4561.29
20230627,4564.15,4611.08,4564.15,4606.02
20230628,4595.88,4598.43,4557.99,4595.32
20230629,4589.98,4597.09,4570.77,4578.56
20230630,4570.0,4624.18,4570.0,4608.5
20230703,4621.21,4664.28,4621.21,4656.92
20230704,4653.52,4667.76,4643.5,4666.45
20230705,4661.67,4663.5,4629.67,4631.48
20230706,4619.7,4643.05,4596.85,4602.78
20230707,4589.94,4595.6,4570.94,4575.24
20230710,4593.41,4616.41,4585.06,4599.23
20230711,4609.53,4630.24,4601.13,4630.23
20230712,4624.99,4629.15,4587.59,4592.52
20230713,4607.48,4659.04,4607.48,4656.57
20230714,4664.82,4667.03,4652.29,4655.08
20230717,4635.74,4635.74,4602.6,4620.03
20230718,4624.83,4624.83,4594.47,4605.96
20230719,4600.2,4610.04,4579.43,4598.64
20230720,4605.35,4621.0,4558.64,4560.56
20230721,4552.15,4582.73,4542.22,4555.17
20230724,4535.35,4563.31,4530.73,4536.15
20230725,4601.83,4654.94,4601.83,4654.94
20230726,4649.2,4649.2,4628.19,4641.92
20230727,4649.05,4668.76,4625.37,4629.15
20230728,4614.6,4724.49,4614.6,4716.89
20230731,4743.75,4787.95,4741.2,4748.8
20230801,4745.61,4764.91,4720.19,4737.65
20230802,4725.28,4741.62,4696.57,4707.98
20230803,4694.17,4736.3,4694.17,4736.3
20230804,4764.37,4788.01,4746.19,4756.87
20230807,4741.5,4741.5,4711.28,4723.63
20230808,4714.08,4726.62,4701.44,4708.65
20230809,4694.7,4708.1,4685.01,4687.99
20230810,4682.23,4697.52,4666.55,4694.57
20230811,4698.84,4698.84,4592.6,4592.6
20230814,4544.53,4571.7,4518.12,4568.65
20230815,4572.4,4572.4,4509.13,4545.51
20230816,4528.24,4542.74,4504.92,4504.92
20230817,4484.56,4530.04,4473.0,4525.9
20230818,4525.97,4529.23,4461.03,4461.03
20230821,4449.2,4462.78,4403.24,4403.24
20230822,4424.68,4446.72,4368.57,4435.35
20230823,4427.82,4427.82,4356.41,4356.41
20230824,4374.38,4412.25,4359.35,4387.0
20230825,4362.41,4382.56,4341.46,4355.35
20230828,4587.18,4587.18,4399.83,4404.9
20230829,4394.74,4484.31,4394.74,4468.55
20230830,4485.42,4502.93,4466.36,4475.71
20230831,4473.88,4475.02,4446.46,4450.74
20230901,4464.1,4489.88,4463.72,4475.65
20230904,4501.14,4545.56,4495.83,4545.56
20230905,4535.26,4535.26,4509.44,4513.36
20230906,4498.18,4507.73,4481.59,4505.96
20230907,4495.13,4495.13,4436.19,4436.19
20230908,4422.37,4430.96,4402.03,4416.74
20230911,4419.2,4472.44,4419.2,4452.49
20230912,4449.41,4462.06,4445.03,4445.43
20230913,4442.3,4446.9,4390.05,4411.32
20230914,4410.58,4417.72,4386.23,4403.42
20230915,4412.74,4417.5,4365.04,4377.13
20230918,4365.42,4411.48,4365.42,4398.78
20230919,4393.58,4393.58,4366.51,4383.56
20230920,4377.07,4377.33,4362.47,4362.47
20230921,4352.98,4363.49,4325.59,4325.59
20230922,4325.04,4406.91,4319.15,4406.91
20230925,4406.69,4406.69,4375.12,4378.57
20230926,4375.12,4385.7,4353.02,4353.02
20230927,4353.42,4390.21,4353.42,4367.35
20230928,4380.41,4380.41,4357.95,4362.85
20231009,4351.95,4359.59,4318.34,4355.8
20231010,4368.35,4368.35,4327.41,4327.52
20231011,4346.23,4360.89,4331.1,4340.32
20231012,4371.5,4378.92,4357.47,4378.92
20231013,4351.6,4351.6,4322.46,4335.21
20231016,4336.64,4336.64,4280.35,4289.1
20231017,4297.04,4303.1,4278.32,4299.81
20231018,4289.45,4289.45,4256.42,4257.6
20231019,4231.27,4231.27,4173.82,4173.82
20231020,4156.19,4174.78,4135.99,4142.97
20231023,4132.38,4132.38,4065.89,4089.34
20231024,4101.11,4113.63,4074.58,4108.2
20231025,4147.92,4161.12,4125.99,4126.73
20231026,4103.56,4139.31,4094.25,4138.42
20231027,4123.35,4218.04,4123.35,4202.45
20231030,4193.1,4247.21,4193.1,4237.01
20231031,4234.42,4234.42,4200.7,4219.44
20231101,4251.37,4251.37,4209.84,4215.81
20231102,4225.52,4239.97,4192.18,4192.18
20231103,4197.22,4245.94,4197.22,4232.31
20231106,4257.82,4295.48,4257.82,4294.11
20231107,4283.43,4293.66,4265.82,4283.8
20231108,4272.59,4295.99,4257.1,4277.98
20231109,4269.1,4293.17,4266.22,4276.23
20231110,4257.35,4257.35,4236.26,4247.06
20231113,4258.44,4258.44,4229.31,4250.08
20231114,4251.33,4269.48,4240.74,4253.3
20231115,4295.45,4295.45,4273.86,4283.7
20231116,4274.51,4276.58,4239.67,4239.67
20231117,4227.29,4242.78,4216.35,4241.08
20231120,4243.8,4263.57,4219.99,4254.29
20231121,4267.37,4290.39,4248.1,4253.42
20231122,4238.76,4238.76,4203.63,4203.63
20231123,4198.95,4229.35,4189.21,4228.8
20231124,4228.01,4228.01,4191.4,4194.91
20231127,4189.97,4189.97,4149.87,4170.41
20231128,4168.27,4182.82,4159.09,4181.67
20231129,4181.08,4181.08,4141.66,4148.03
20231130,4143.88,4159.42,4136.49,4150.27
20231201,4147.75,4151.74,4108.31,4144.43
20231204,4143.87,4150.32,4120.82,4121.32
20231205,4108.8,4108.8,4040.31,4040.31
20231206,4032.08,4067.48,4032.08,4051.59
20231207,4045.23,4053.01,4019.82,4041.1
20231208,4043.04,4064.09,4036.68,4054.91
20231211,4029.16,4088.85,4002.47,4082.77
20231212,4073.11,4090.16,4072.57,4089.46
20231213,4079.68,4079.68,4023.5,4023.5
20231214,4045.2,4056.67,4003.95,4003.95
20231215,4019.57,4039.22,3989.93,3990.26
20231218,3975.82,3992.51,3957.68,3965.11
20231219,3960.74,3986.37,3948.46,3970.67
20231220,3972.17,3972.17,3925.36,3925.36
20231221,3909.94,3972.66,3909.94,3965.9
20231222,3964.16,3997.05,3949.2,3965.49
20231225,3957.86,3979.15,3957.86,3977.71
20231226,3975.82,3975.82,3936.5,3948.56
20231227,3951.31,3962.62,3932.59,3959.05
20231228,3956.9,4058.89,3956.9,4054.18
20231229,4049.43,4079.4,4049.43,4079.4
20240102,4075.19,4075.19,4030.38,4030.38
20240103,4021.54,4031.18,4000.55,4018.73
20240104,4014.23,4014.23,3962.03,3979.08
20240105,3972.12,3994.27,3933.66,3946.39
20240108,3938.92,3938.92,3888.18,3888.8
20240109,3891.36,3910.34,3876.3,3898.32
20240110,3885.82,3921.82,3865.56,3878.46
20240111,3876.11,3923.73,3868.54,3910.39
20240112,3897.71,3926.55,3894.86,3894.86
20240115,3878.4,3910.19,3873.87,3889.0
20240116,3880.05,3904.44,3856.08,3902.64
20240117,3891.44,3891.44,3810.06,3810.06
20240118,3790.75,3858.23,3743.2,3858.23
20240119,3843.96,3869.02,3835.38,3846.48
20240122,3837.82,3837.82,3757.89,3758.49
20240123,3747.46,3801.96,3738.45,3784.04
20240124,3800.6,3831.3,3726.42,3831.15
20240125,3828.64,3916.82,3827.29,3916.82
20240126,3898.31,3916.23,3886.86,3895.91
20240129,3897.04,3898.87,3846.1,3846.1
20240130,3823.13,3832.52,3772.67,3772.67
20240131,3755.19,3779.88,3713.67,3720.82
20240201,3704.23,3764.76,3690.98,3721.23
20240202,3724.34,3736.23,3616.9,3663.77
20240205,3643.05,3718.34,3573.37,3663.41
20240206,3641.68,3826.15,3641.68,3825.41
20240207,3829.72,3902.19,3829.72,3902.19
20240208,3913.36,3960.96,3908.79,3934.25
20240219,3977.84,3977.84,3939.47,3976.73
20240220,3962.66,3982.01,3944.53,3978.07
20240221,3952.44,4077.72,3952.44,4021.93
20240222,4015.26,4056.43,4015.26,4056.43
20240223,4063.41,4067.08,4041.82,4064.84
20240226,4061.71,4065.16,4032.08,4034.64
20240227,4018.3,4094.55,4018.3,4094.55
20240228,4100.27,4130.17,4026.96,4026.96
20240229,4010.72,4118.96,4010.72,4118.96
20240301,4118.51,4150.71,4114.77,4147.92
20240304,4151.15,4158.59,4125.83,4156.22
20240305,4135.3,4173.52,4135.3,4170.82
20240306,4157.82,4181.35,4147.29,4158.08
20240307,4155.57,4175.16,4122.04,4124.08
20240308,4125.13,4155.4,4110.22,4152.9
20240311,4153.05,4212.5,4153.05,4212.5
20240312,4217.75,4233.11,4200.3,4221.12
20240313,4219.94,4224.04,4189.95,4200.65
20240314,4201.69,4225.18,4169.34,4189.25
20240315,4179.5,4209.11,4154.52,4207.05
20240318,4218.0,4250.5,4217.68,4250.22
20240319,4238.6,4254.57,4217.7,4217.7
20240320,4207.41,4231.98,4207.41,4229.9
20240321,4240.68,4242.53,4213.48,4219.38
20240322,4207.53,4207.53,4152.85,4176.06
20240325,4166.91,4197.62,4142.67,4142.67
20240326,4142.27,4159.5,4131.18,4157.11
20240327,4152.11,4152.11,4093.02,4093.02
20240328,4089.34,4156.79,4089.34,4127.86
20240329,4124.6,4154.62,4124.6,4154.54
20240401,4172.24,4231.91,4172.24,4231.91
20240402,4228.03,4228.26,4200.02,4214.18
20240403,4211.6,4211.6,4193.81,4200.94
20240408,4186.06,4201.28,4158.94,4158.94
20240409,4154.99,4166.77,4143.92,4164.4
20240410,4158.02,4158.02,4106.17,4125.57
20240411,4100.18,4149.3,4100.18,4128.58
20240412,4130.67,4133.26,4098.47,4099.5
20240415,4094.97,4177.15,4092.06,4173.03
20240416,4152.72,4159.71,4107.54,4107.54
20240417,4110.4,4186.05,4110.4,4185.72
20240418,4166.67,4222.5,4166.67,4186.64
20240419,4164.72,4176.88,4142.07,4156.64
20240422,4146.97,4172.22,4134.82,4136.7
20240423,4128.27,4128.27,4094.65,4101.91
20240424,4109.15,4128.71,4095.82,4128.71
20240425,4113.85,4149.33,4111.42,4135.89
20240426,4134.19,4204.85,4134.19,4204.26
20240429,4204.85,4275.84,4204.85,4260.22
20240430,4254.6,4260.42,4232.69,4232.69
20240506,4289.71,4308.44,4286.69,4301.89
20240507,4301.92,4312.33,4293.72,4304.15
20240508,4293.86,4293.86,4260.78,4261.39
20240509,4262.29,4315.22,4262.29,4311.92
20240510,4317.68,4317.68,4280.8,4305.79
20240513,4280.39,4303.02,4270.7,4293.77
20240514,4299.03,4306.41,4278.31,4285.8
20240515,4277.51,4278.63,4249.97,4251.0
20240516,4263.55,4280.86,4253.62,4260.77
20240517,4258.81,4307.94,4248.06,4307.94
20240520,4313.03,4331.97,4310.82,4326.88
20240521,4316.79,4316.79,4293.18,4302.33
20240522,4299.72,4312.17,4293.09,4307.33
20240523,4291.61,4291.61,4239.79,4248.86
20240524,4235.86,4257.12,4202.24,4202.59
20240527,4209.41,4245.31,4201.84,4243.43
20240528,4239.46,4240.97,4208.66,4209.6
20240529,4208.23,4234.56,4205.31,4218.6
20240530,4211.13,4226.05,4192.76,4197.96
20240531,4202.9,4222.02,4182.71,4182.71
20240603,4180.01,4204.01,4166.09,4189.86
20240604,4182.84,4232.92,4181.04,4228.1
20240605,4219.22,4234.73,4199.37,4199.37
20240606,4209.46,4229.33,4185.87,4189.64
20240607,4194.34,4198.29,4144.15,4167.53
20240611,4143.6,4146.94,4119.16,4140.49
20240612,4134.95,4152.84,4132.63,4145.07
20240613,4148.59,4148.59,4115.11,4120.63
20240614,4108.41,4140.21,4097.36,4134.26
20240617,4113.48,4137.98,4113.48,4132.53
20240618,4129.74,4152.36,4129.74,4146.0
20240619,4144.97,4144.97,4117.54,4120.39
20240620,4115.75,4126.35,4080.57,4080.57
20240621,4072.12,4085.85,4051.41,4074.68
20240624,4048.54,4073.08,4039.08,4040.09
20240625,4037.86,4046.58,3998.49,4015.32
20240626,4008.99,4054.1,3997.91,4052.84
20240627,4036.54,4036.54,4009.55,4009.55
20240628,3997.22,4049.11,3997.22,4023.33
20240701,4020.46,4050.69,4002.89,4046.46
20240702,4040.41,4052.74,4025.85,4029.67
20240703,4029.17,4029.17,4011.12,4017.39
20240704,4024.16,4038.13,3991.19,3991.19
20240705,3988.15,3988.15,3945.07,3985.52
20240708,3974.21,3974.21,3945.55,3945.64
20240709,3938.93,4004.26,3924.78,3997.4
20240710,3982.84,4007.59,3980.73,3985.72
20240711,4016.19,4044.96,4008.69,4043.58
20240712,4035.04,4053.86,4033.93,4046.25
20240715,4033.05,4044.97,4032.41,4039.64
20240716,4029.37,4065.23,4029.35,4064.56
20240717,4059.98,4072.0,4049.45,4057.22
20240718,4033.52,4079.29,4025.47,4079.29
20240719,4054.97,4099.69,4047.81,4094.49
20240722,4093.43,4093.43,4054.48,4073.01
20240723,4068.31,4068.31,3975.66,3975.66
20240724,3967.09,3987.72,3936.09,3946.05
20240725,3927.99,3942.55,3909.82,3925.35
20240726,3930.96,3955.95,3924.72,3948.59
20240729,3945.81,3945.81,3924.42,3924.42
20240730,3912.63,3912.63,3884.14,3901.81
20240731,3895.13,3999.15,3895.13,3997.47
20240801,4000.96,4000.96,3967.97,3970.35
20240802,3939.36,3969.81,3926.47,3926.47
20240805,3898.67,3951.54,3869.26,3869.26
20240806,3900.91,3900.91,3849.57,3879.57
20240807,3874.5,3901.49,3874.5,3877.82
20240808,3866.57,3895.73,3852.97,3876.53
20240809,3895.67,3900.49,3861.37,3861.37
20240812,3857.79,3866.47,3849.81,3854.76
20240813,3856.81,3865.01,3836.86,3864.83
20240814,3863.29,3863.29,3830.21,3830.21
20240815,3821.18,3882.75,3821.18,3866.78
20240816,3868.6,3881.79,3862.29,3867.01
20240819,3865.5,3900.08,3865.5,3878.35
20240820,3883.6,3883.6,3836.83,3844.69
20240821,3833.41,3851.54,3826.1,3834.75
20240822,3836.03,3836.09,3815.35,3818.68
20240823,3809.99,3838.15,3809.99,3833.19
20240826,3838.45,3838.45,3820.28,3832.7
20240827,3822.64,3822.64,3800.97,3807.54
20240828,3800.78,3803.57,3781.19,3790.86
20240829,3775.32,3807.75,3775.32,3795.78
20240903,3776.67,3805.34,3776.67,3800.66
20240904,3775.87,3799.32,3774.73,3777.34
20240905,3778.46,3789.69,3776.53,3785.99
20240906,3787.14,3799.66,3742.82,3747.96
20240909,3729.23,3741.38,3691.15,3706.38
20240910,3707.25,3723.46,3676.25,3710.91
20240911,3700.19,3720.52,3688.21,3709.2
20240912,3713.55,3731.71,3690.96,3691.62
20240913,3693.98,3708.41,3671.06,3671.06
20240918,3672.16,3695.98,3652.25,3685.02
20240919,3694.7,3740.38,3659.91,3716.39
20240920,3712.62,3724.56,3687.15,3717.17
20240923,3716.39,3748.63,3711.59,3725.78
20240924,3761.02,3885.23,3734.17,3885.17
20240925,3941.61,4016.42,3929.48,3937.37
20240926,3934.95,4103.82,3926.96,4103.82
20240927,4184.84,4311.02,4169.28,4298.56
20240930,4468.09,4707.59,4414.16,4684.89
20241008,5207.26,5207.26,4773.3,4981.3
20241009,4874.78,4911.48,4611.87,4630.94
20241010,4653.03,4787.16,4567.81,4661.03
20241011,4626.32,4627.9,4467.05,4516.47
20241014,4544.02,4628.73,4488.86,4609.55
20241015,4589.99,4631.73,4495.57,4495.57
20241016,4435.37,4520.04,4433.82,4464.92
20241017,4493.66,4524.22,4417.99,4418.55
20241018,4410.63,4669.67,4401.31,4581.32
20241021,4614.82,4671.84,4563.6,4614.35
20241022,4605.48,4659.02,4593.14,4644.92
20241023,4638.2,4712.37,4621.25,4664.25
20241024,4637.76,4644.82,4593.87,4610.74
20241025,4614.29,4698.68,4608.53,4655.91
20241028,4653.78,4674.82,4613.18,4674.82
20241029,4684.82,4703.42,4625.51,4628.61
20241030,4607.54,4639.69,4570.49,4603.98
20241031,4605.79,4647.17,4574.01,4614.79
20241101,4605.01,4653.59,4581.68,4597.45
20241104,4601.77,4665.2,4601.25,4665.2
20241105,4658.9,4793.63,4647.61,4789.76
20241106,4799.07,4846.21,4748.2,4775.62
20241107,4730.62,4893.84,4725.59,4893.31
20241108,4945.49,4960.8,4849.16,4860.88
20241111,4825.69,4915.27,4811.57,4913.93
20241112,4919.65,4970.27,4828.72,4862.39
20241113,4832.59,4894.34,4825.14,4883.98
20241114,4870.79,4881.99,4773.77,4779.67
20241115,4761.36,4789.42,4687.89,4687.89
20241118,4703.52,4749.58,4624.82,4648.17
20241119,4651.31,4694.55,4586.66,4692.88
20241120,4680.87,4735.26,4671.91,4715.84
20241121,4704.81,4731.45,4687.11,4716.76
20241122,4708.37,4718.0,4566.55,4566.55
20241125,4577.14,4591.98,4499.35,4544.75
20241126,4532.19,4573.35,4523.53,4524.87
20241127,4509.84,4608.55,4488.28,4608.38
20241128,4607.31,4613.13,4557.88,4565.13
20241129,4560.63,4668.85,4560.63,4620.27
20241202,4615.63,4678.66,4608.16,4669.07
20241203,4670.11,4682.43,4632.7,4666.91
20241204,4663.31,4672.97,4619.06,4635.88
20241205,4618.0,4647.91,4614.05,4631.03
20241206,4634.75,4721.46,4632.16,4694.33
20241209,4693.41,4718.48,4659.81,4682.52
20241210,4829.76,4835.09,4707.74,4715.94
20241211,4705.85,4730.95,4700.65,4717.18
20241212,4715.81,4763.25,4706.85,4759.41
20241213,4727.31,4727.31,4648.42,4649.95
20241216,4647.3,4653.92,4604.04,4617.17
20241217,4611.39,4661.0,4611.39,4616.95
20241218,4631.34,4661.28,4630.11,4643.69
20241219,4605.11,4664.18,4591.5,4653.51
20241220,4643.56,4674.41,4632.14,4639.21
20241223,4639.14,4673.61,4622.43,4626.14
20241224,4628.76,4684.44,4628.76,4682.22
20241225,4686.92,4700.02,4652.85,4673.14
20241226,4668.98,4690.97,4655.23,4684.84
20241227,4686.82,4716.01,4668.79,4678.68
20241230,4673.47,4705.78,4673.47,4693.23
20241231,4690.98,4698.3,4608.94,4608.94
20250102,4604.75,4607.87,4443.25,4473.66
20250103,4478.69,4494.12,4404.2,4411.04
20250106,4411.58,4428.34,4377.56,4402.91
20250107,4395.18,4442.64,4380.71,4440.99
20250108,4422.52,4456.12,4351.58,4428.28
20250109,4416.29,4443.22,4407.13,4424.24
20250110,4422.17,4437.57,4365.54,4365.54
20250113,4331.32,4380.1,4330.84,4358.2
20250114,4365.85,4491.23,4354.0,4484.09
20250115,4473.02,4478.3,4444.21,4452.02
20250116,4471.47,4516.12,4429.68,4458.96
20250117,4443.74,4502.55,4436.89,4476.98
20250120,4504.53,4534.69,4489.28,4499.54
20250121,4523.87,4524.69,4482.18,4507.06
20250122,4493.62,4494.47,4448.01,4466.66
20250123,4504.55,4545.73,4463.82,4463.97
20250124,4452.77,4519.86,4452.43,4504.01
20250127,4509.72,4527.05,4478.66,4478.66
20250205,4517.17,4517.41,4453.54,4468.24
20250206,4462.06,4541.52,4460.47,4540.92
20250207,4542.96,4639.96,4531.02,4606.19
20250210,4616.93,4633.01,4593.34,4627.01
20250211,4631.23,4631.23,4589.74,4603.14
20250212,4592.66,4653.52,4586.05,4652.67
20250213,4646.46,4673.18,4630.37,4630.56
20250214,4626.83,4680.18,4626.83,4675.97
20250217,4695.53,4697.86,4650.05,4681.52
20250218,4676.19,4696.7,4614.63,4629.25
20250219,4622.44,4674.85,4619.77,4674.28
20250220,4669.6,4681.29,4647.27,4667.88
20250221,4679.27,4738.14,4668.32,4734.86
20250224,4728.67,4751.84,4697.3,4725.35
20250225,4675.99,4714.77,4661.33,4673.99
20250226,4682.26,4712.92,4674.69,4712.62
20250227,4715.19,4726.83,4666.33,4712.33
20250228,4690.26,4710.33,4600.87,4606.36
20250303,4619.52,4666.39,4590.34,4611.58
20250304,4582.4,4619.65,4571.56,4613.8
20250305,4616.51,4637.18,4599.16,4632.25
20250306,4658.8,4714.48,4654.32,4704.58
20250307,4691.89,4722.65,4676.88,4690.56
20250310,4695.09,4703.32,4647.87,4677.52
20250311,4627.47,4692.04,4626.03,4692.04
20250312,4702.18,4709.99,4672.44,4676.3
20250313,4674.31,4685.52,4627.27,4648.53
20250314,4656.84,4760.57,4656.05,4755.15
20250317,4772.79,4773.67,4743.43,4748.1
20250318,4765.91,4778.26,4751.57,4765.55
20250319,4760.18,4778.0,4735.37,4758.89
20250320,4759.64,4760.99,4713.25,4718.18
20250321,4706.38,4725.76,4630.97,4642.74
20250324,4645.2,4667.36,4620.0,4661.75
20250325,4664.75,4675.27,4642.38,4653.25
20250326,4649.7,4666.88,4635.54,4638.73
20250327,4628.29,4679.45,4612.92,4652.07
20250328,4649.09,4654.62,4619.64,4627.14
20250331,4612.6,4637.17,4569.19,4591.71
20250401,4599.36,4619.71,4588.89,4596.44
20250402,4592.3,4613.59,4581.96,4590.67
20250403,4541.08,4587.14,4540.42,4554.25
20250407,4319.46,4359.1,4117.62,4199.09
20250408,4204.8,4259.31,4185.43,4259.31
20250409,4201.71,4315.34,4162.83,4311.84
20250410,4391.88,4409.12,4349.24,4376.28
20250411,4366.75,4419.76,4349.81,4400.64
20250414,4431.98,4441.24,4410.15,4417.52
20250415,4415.16,4415.86,4388.31,4412.31
20250416,4408.37,4417.86,4357.23,4415.38
20250417,4393.8,4425.34,4390.48,4412.42
20250418,4399.41,4422.5,4390.65,4413.14
20250421,4409.68,4449.47,4401.31,4444.33
20250422,4438.65,4456.2,4435.6,4436.51
20250423,4460.99,4468.75,4436.92,4444.97
20250424,4446.36,4466.18,4423.07,4435.18
20250425,4444.7,4463.85,4436.79,4443.17
20250428,4441.32,4444.37,4422.87,4432.14
20250429,4425.82,4443.39,4419.1,4431.63
20250430,4433.0,4452.09,4426.55,4435.81
20250506,4465.59,4494.97,4454.9,4494.63
20250507,4555.08,4558.13,4494.86,4517.5
20250508,4504.16,4558.64,4498.89,4543.64
20250509,4539.06,4539.06,4514.22,4526.24
20250512,4551.69,4583.34,4543.62,4583.19
20250513,4614.86,4614.86,4578.61,4584.7
20250514,4582.27,4647.8,4573.93,4626.07
20250515,4616.53,4616.53,4575.28,4578.18
20250516,4566.87,4577.21,4549.5,4563.02
20250519,4557.92,4560.21,4533.86,4552.41
20250520,4558.26,4592.82,4552.35,4579.38
20250521,4579.73,4612.05,4579.73,4599.67
20250522,4592.66,4599.46,4581.3,4585.83
20250523,4581.12,4611.2,4549.89,4549.89
20250526,4543.6,4559.06,4517.02,4531.73
20250527,4527.78,4531.53,4497.04,4504.86
20250528,4508.46,4515.77,4494.12,4497.62
20250529,4498.31,4543.3,4492.38,4532.18
20250530,4521.59,4528.13,4493.8,4503.46
20250603,4493.96,4523.95,4493.96,4512.07
20250604,4516.49,4542.08,4516.49,4533.83
20250605,4538.17,4555.79,4525.48,4549.54
20250606,4549.64,4560.72,4538.74,4545.1
20250609,4549.5,4575.94,4543.84,4562.77
20250610,4565.93,4572.48,4514.65,4536.05
20250611,4541.33,4586.93,4541.33,4567.49
20250612,4557.29,4576.25,4542.12,4566.6
20250613,4553.37,4562.87,4520.02,4532.8
20250616,4520.84,4546.81,4520.84,4543.99
20250617,4546.57,4552.54,4528.28,4537.18
20250618,4535.65,4547.12,4518.14,4540.41
20250619,4534.09,4538.51,4489.68,4499.82
20250620,4494.87,4512.76,4489.29,4492.54
20250623,4473.55,4519.99,4473.55,4509.89
20250624,4516.53,4576.89,4516.53,4570.19
20250625,4574.17,4634.55,4569.68,4631.27
20250626,4624.61,4642.11,4613.47,4614.44
20250627,4622.25,4646.59,4598.61,4601.77
20250630,4604.57,4634.95,4601.02,4630.45
20250701,4630.7,4640.33,4614.74,4636.79
20250702,4634.62,4637.93,4615.19,4627.66
20250703,4633.87,4661.48,4628.12,4656.91
20250704,4655.6,4701.58,4642.83,4662.51
20250707,4655.59,4658.66,4633.74,4639.96
20250708,4640.03,4691.44,4640.03,4687.58
20250709,4686.97,4706.37,4670.25,4676.05
20250710,4678.81,4720.42,4675.81,4696.44
20250711,4696.09,4756.91,4691.91,4707.08
20250714,4714.65,4725.02,4709.78,4709.78
20250715,4714.65,4739.16,4685.45,4717.89
20250716,4720.21,4735.13,4693.78,4707.35
20250717,4705.23,4749.83,4705.23,4749.74
20250718,4756.31,4780.61,4752.43,4773.24
20250721,4788.65,4809.26,4780.24,4808.62
20250722,4810.45,4849.51,4793.56,4849.17
20250723,4858.34,4885.3,4837.96,4844.33
20250724,4842.76,4888.72,4839.99,4888.72
20250725,4884.99,4892.38,4859.16,4871.12
20250728,4875.23,4890.55,4854.31,4885.77
20250729,4881.75,4911.03,4865.62,4910.19
20250730,4905.01,4942.27,4869.57,4899.2
20250731,4889.25,4889.25,4799.24,4813.39
20250801,4807.41,4826.84,4771.45,4792.42
20250804,4772.53,4814.07,4772.53,4814.07
20250805,4826.1,4848.75,4819.26,4846.51
20250806,4843.15,4868.54,4840.72,4866.34
20250807,4871.93,4881.34,4837.5,4864.07
20250808,4856.28,4873.02,4843.05,4852.41
20250811,4861.1,4899.38,4858.78,4886.84
20250812,4886.75,4914.82,4881.34,4907.8
20250813,4914.48,4963.38,4914.48,4956.03
20250814,4959.54,4995.57,4927.49,4939.05
20250815,4926.29,4997.99,4925.54,4985.83
20250818,5006.35,5075.98,4990.63,5038.68
20250819,5040.91,5068.26,5006.36,5016.82
20250820,4999.36,5075.49,4977.97,5075.22
20250821,5087.93,5116.13,5070.32,5089.34
20250822,5089.73,5199.05,5089.73,5198.91
20250825,5246.93,5316.3,5232.8,5311.73
20250826,5293.46,5334.86,5275.45,5304.51
20250827,5312.21,5367.36,5227.98,5227.98
20250828,5220.86,5328.64,5198.02,5327.88
20250829,5324.09,5399.82,5314.52,5372.76
20250901,5401.46,5420.69,5365.55,5418.52
20250902,5417.21,5441.69,5315.06,5358.44
20250903,5373.92,5387.19,5288.33,5323.49
20250904,5327.19,5335.04,5141.27,5192.02
20250905,5194.33,5339.27,5178.46,5333.07
20250908,5347.12,5365.87,5311.59,5358.7
20250909,5333.67,5366.82,5287.66,5314.41
20250910,5310.82,5351.4,5279.63,5325.81
20250911,5317.67,5454.27,5298.28,5454.27
20250912,5449.17,5477.87,5428.24,5432.21
20250915,5450.6,5487.09,5436.93,5448.41
20250916,5459.35,5474.66,5400.78,5449.98
20250917,5444.27,5494.84,5426.8,5492.41
20250918,5485.65,5529.97,5376.73,5433.76
20250919,5434.93,5474.65,5419.33,5433.29
20250922,5446.4,5457.6,5409.52,5457.29
20250923,5475.48,5499.23,5362.6,5446.02
20250924,5416.51,5522.63,5413.86,5521.82
20250925,5521.41,5588.11,5515.69,5561.13
20250926,5539.67,5568.8,5497.73,5497.73
20250929,5507.29,5604.97,5486.58,5579.03
20250930,5593.61,5626.96,5586.48,5618.71
20251009,5652.56,5725.36,5636.58,5708.29
20251010,5670.44,5673.44,5558.4,5577.65
20251013,5407.31,5560.42,5407.31,5550.3
20251014,5601.32,5607.8,5429.01,5451.59
20251015,5459.33,5535.51,5431.15,5534.09
20251016,5514.36,5573.38,5508.87,5531.79
20251017,5524.29,5535.44,5387.09,5392.97
20251020,5449.5,5469.53,5404.08,5427.08
20251021,5450.9,5523.82,5439.84,5516.48
20251022,5475.94,5510.26,5464.47,5494.74
20251023,5476.5,5516.93,5424.31,5510.46
20251024,5532.52,5586.35,5532.52,5586.35
20251027,5639.11,5665.03,5618.89,5658.85
20251028,5635.69,5680.5,5610.25,5628.29
20251029,5638.44,5703.99,5638.3,5703.99
20251030,5688.99,5713.42,5646.93,5653.75
20251031,5644.62,5659.09,5583.72,5583.72
20251103,5582.68,5594.52,5516.5,5594.41
20251104,5587.56,5603.55,5504.75,5535.37
20251105,5458.63,5567.82,5458.63,5548.07
20251106,5565.25,5638.13,5565.25,5633.52
20251107,5608.88,5650.18,5594.13,5622.12
20251110,5640.03,5651.39,5594.77,5635.39
20251111,5651.92,5656.86,5582.77,5588.23
20251112,5574.22,5606.02,5539.37,5574.51
20251113,5574.02,5655.17,5574.02,5654.44
20251114,5603.37,5632.31,5563.4,5563.5
20251117,5554.86,5566.62,5515.98,5540.11
20251118,5525.48,5543.98,5475.83,5496.54
20251119,5495.45,5537.06,5485.83,5512.38
20251120,5547.67,5550.04,5470.02,5475.55
20251121,5404.3,5420.81,5325.99,5325.99
20251124,5352.08,5359.09,5293.63,5334.31
20251125,5370.12,5422.71,5362.25,5392.91
20251126,5392.61,5451.79,5384.84,5422.52
20251127,5425.47,5478.01,5409.7,5415.93
20251128,5412.0,5446.15,5393.67,5440.94
20251201,5461.41,5505.58,5451.84,5505.28
20251202,5497.84,5498.29,5453.88,5471.19
20251203,5472.5,5490.53,5429.3,5440.62
20251204,5444.27,5474.93,5419.83,5461.75
20251205,5461.84,5522.36,5441.68,5513.75
20251208,5523.82,5582.67,5522.41,5561.37
20251209,5546.81,5569.85,5513.75,5530.03
20251210,5518.15,5541.46,5473.38,5532.59
20251211,5542.22,5561.29,5482.01,5486.31
20251212,5495.96,5534.02,5464.25,5530.39
20251215,5493.07,5542.39,5489.66,5490.12
20251216,5478.72,5486.47,5393.82,5414.93
20251217,5418.03,5537.7,5418.03,5520.78
20251218,5487.47,5521.54,5483.49,5486.26
20251219,5499.08,5542.9,5484.3,5516.17
20251222,5543.19,5586.17,5543.19,5580.28
20251223,5585.21,5621.37,5572.0,5592.43
20251224,5594.94,5628.68,5576.09,5622.52
20251225,5614.04,5647.79,5601.7,5636.74
20251226,5639.7,5689.56,5634.21,5667.82
20251229,5670.95,5685.5,5627.2,5640.76
20251230,5611.88,5678.18,5611.23,5658.69
20251231,5668.07,5681.08,5628.91,5642.82
20260105,5686.6,5766.39,5686.6,5763.3
20260106,5768.4,5860.2,5768.4,5860.2
20260107,5871.41,5888.59,5826.52,5860.25
20260108,5840.52,5861.97,5800.81,5830.57
20260109,5821.14,5896.92,5821.14,5881.95
20260112,5911.49,5957.41,5876.42,5948.7
20260113,5962.15,5996.83,5879.67,5901.21
20260114,5911.83,5998.09,5860.21,5901.2
20260115,5870.51,5933.68,5869.53,5914.56
20260116,5941.32,5964.65,5871.73,5889.35
20260119,5871.93,5937.73,5871.93,5905.94
20260120,5913.91,5930.24,5828.22,5878.74
20260121,5866.46,5938.4,5866.46,5904.57
20260122,5925.93,5948.48,5880.0,5911.78
20260123,5925.13,5946.33,5905.74,5935.11
20260126,5960.47,5986.22,5910.19,5925.53
20260127,5915.4,5962.57,5869.95,5930.42
20260128,5953.38,5976.93,5917.28,5951.1
20260129,5962.43,5995.05,5926.44,5968.91
20260130,5923.55,5946.27,5803.91,5898.13
20260202,5848.04,5890.9,5738.36,5742.49
20260203,5803.74,5853.78,5729.76,5852.15
20260204,5838.74,5891.37,5813.68,5886.58
20260205,5832.18,5857.76,5780.59,5817.6
20260206,5751.53,5843.66,5729.5,5792.01
20260209,5868.65,5900.21,5848.6,5899.22
20260210,5899.34,5916.42,5884.8,5903.47
20260211,5892.52,5915.71,5889.8,5896.15
20260212,5904.2,5926.27,5898.76,5923.15
20260213,5883.48,5902.31,5837.52,5840.73
20260224,5931.03,5936.89,5891.7,5910.73
20260225,5920.44,5994.57,5919.22,5967.3
20260226,5976.33,5976.88,5934.04,5961.51
20260227,5922.25,5970.89,5922.2,5965.35
20260302,5923.9,5993.62,5905.97,5984.75
20260303,5993.5,6001.29,5834.24,5840.58
20260304,5771.3,5845.49,5753.92,5784.57
20260305,5859.02,5878.63,5814.1,5843.49
20260306,5808.98,5874.51,5797.71,5859.12
20260309,5772.39,5820.15,5690.34,5804.09
20260310,5850.43,5892.14,5850.43,5890.0
20260311,5898.39,5935.94,5893.79,5919.99
20260312,5913.8,5921.66,5842.78,5888.21
20260313,5861.85,5912.72,5831.16,5844.62
20260316,5842.52,5848.06,5762.87,5835.28
20260317,5854.51,5885.95,5767.73,5767.73
20260318,5784.68,5807.93,5724.78,5802.65
20260319,5733.88,5759.06,5670.67,5688.63
20260320,5716.89,5751.24,5655.44,5659.05
20260323,5567.08,5605.42,5439.46,5466.9
20260324,5526.33,5542.47,5419.44,5542.36
20260325,5588.74,5639.96,5588.74,5633.1
20260326,5619.28,5639.95,5540.81,5552.78
20260327,5488.97,5626.68,5488.97,5600.34
20260330,5547.18,5600.32,5522.39,5594.45
20260331,5591.78,5632.15,5526.73,5526.73
20260401,5619.66,5638.33,5582.98,5626.33
20260402,5610.27,5615.39,5524.32,5550.74
20260403,5570.71,5572.77,5496.86,5501.88
20260407,5512.09,5537.37,5482.61,5510.74
20260408,5619.19,5728.38,5617.7,5728.38
20260409,5683.46,5719.66,5669.09,5698.95
20260410,5736.26,5808.29,5730.63,5783.05
20260413,5752.34,5804.08,5752.34,5792.78
20260414,5834.01,5865.35,5803.45,5865.35
20260415,5900.11,5905.44,5820.41,5837.45
20260416,5850.92,5917.04,5844.99,5914.06
20260417,5902.03,5925.14,5890.41,5913.84
20260420,5910.99,5963.73,5903.69,5954.83
20260421,5944.04,5970.94,5899.35,5959.66
20260422,5933.64,6008.54,5933.64,6006.67
20260423,6026.53,6030.82,5936.64,5973.41
20260424,5949.59,5978.89,5906.77,5952.46
20260427,5956.61,5986.94,5946.28,5965.38
20260428,5947.46,5964.71,5909.46,5929.56
20260429,5901.44,6019.18,5901.23,6013.41
20260430,6026.19,6037.86,6000.33,6020.44
20260506,6091.54,6158.3,6071.0,6135.86
20260507,6162.67,6184.64,6129.85,6183.01
20260508,6143.03,6171.13,6116.41,6154.27
20260511,6200.38,6271.66,6179.09,6262.31
20260512,6279.93,6279.93,6219.22,6249.23
20260513,6209.93,6321.63,6209.93,6318.04
20260514,6351.56,6354.96,6182.97,6182.97
20260515,6179.61,6215.2,6068.01,6105.87
20260518,6076.37,6132.44,6047.1,6084.51
20260519,6065.38,6123.5,5998.14,6121.09
20260520,6088.76,6150.03,6086.23,6130.45
20260521,6176.26,6239.14,6014.99,6019.55
20260522,6065.32,6122.72,6025.3,6115.18
20260525,6151.38,6211.89,6114.18,6211.1
20260526,6182.89,6236.64,6150.63,6228.65
20260527,6220.67,6264.1,6134.6,6159.17
20260528,6135.34,6180.99,6071.25,6169.84
20260529,6195.98,6201.89,6074.8,6100.14
20260601,6104.13,6144.24,6021.12,6030.69
20260602,6051.24,6136.61,5992.14,6111.15
20260603,6121.09,6218.76,6096.69,6144.49
20260604,6088.35,6149.11,6084.01,6113.49
20260605,6090.4,6136.15,5985.81,6009.39
20260608,5848.71,5952.75,5807.47,5855.89
20260609,5905.59,5983.36,5854.99,5981.78
20260610,5917.14,5959.62,5857.12,5902.97
20260611,5877.5,5928.26,5824.6,5872.7
20260612,5965.24,5994.47,5921.89,5931.65
20260615,6001.76,6099.82,5970.26,6099.19
20260616,6107.75,6141.37,6085.31,6111.86
20260617,6078.53,6190.91,6078.53,6188.1
20260618,6166.62,6253.78,6166.62,6219.79
20260622,6235.3,6375.33,6205.79,6373.56
20260623,6356.14,6371.8,6147.74,6182.57
20260624,6156.58,6256.38,6155.24,6247.01
20260625,6257.95,6351.08,6247.85,6343.21
20260626,6296.72,6296.92,6115.33,6147.45
20260629,6147.92,6224.94,6090.69,6222.36
20260630,6209.73,6324.44,6202.6,6314.99
20260701,6310.21,6354.22,6232.17,6277.78
20260702,6147.43,6204.36,6060.14,6076.25
20260703,6076.51,6191.02,6068.15,6117.37
20260706,6151.47,6171.45,6037.34,6097.12
20260707,6061.02,6101.06,5978.35,6023.6
20260708,6038.88,6063.72,5942.87,5952.43
20260709,5980.78,6128.15,5914.31,6120.87
20260710,6139.9,6177.95,6005.87,6005.87
20260713,5953.72,5988.43,5821.45,5851.82
20260714,5845.97,5984.37,5776.77,5984.37
20260715,5991.99,6015.66,5933.8,5943.88
20260716,5843.29,5932.07,5792.87,5825.99
20260717,5777.74,5781.31,5532.12,5577.7
20260720,5640.16,5689.29,5517.74,5622.82
20260721,5662.6,5840.07,5561.53,5839.91
20260722,5803.26,5889.7,5772.12,5803.77
20260723,5824.26,5833.7,5772.92,5814.56
20260724,5751.54,5787.07,5698.09,5703.87
20260727,5710.49,5790.92,5659.57,5790.92
20260728,5685.8,5719.62,5583.43,5606.08
20260729,5619.27,5682.65,5526.46,5647.03
20260730,5605.01,5643.27,5471.57,5557.94
20260731,5675.57,5707.98,5629.73,5629.73
20260803,5598.87,5612.78,5553.82,5571.45
20260804,5606.68,5687.97,5591.99,5669.91
20260805,5609.44,5791.84,5609.44,5763.71
20260806,5715.05,5789.9,5699.51,5753.21
20260807,5761.18,5845.93,5744.96,5831.36
20260810,5840.63,5853.3,5776.13,5841.1
20260811,5819.93,5864.43,5786.98,5792.47
20260812,5791.93,5849.83,5786.83,5835.38
20260813,5869.57,5886.49,5788.21,5789.89
20260814,5802.46,5812.34,5752.84,5801.17
20260817,5811.69,5912.38,5799.64,5911.44
20260818,5904.07,5918.75,5835.75,5892.61
20260819,5797.35,5814.7,5657.21,5681.74
20260820,5724.56,5746.82,5661.25,5694.08
20260821,5680.98,5740.61,5669.4,5725.6
20260824,5729.39,5729.8,5585.31,5637.96
20260825,5607.15,5659.72,5574.14,5630.78
20260826,5631.6,5709.4,5624.53,5675.34
20260827,5681.84,5742.13,5666.71,5740.88
20260828,5724.84,5759.12,5709.57,5710.5
20260831,5642.36,5729.95,5631.06,5729.95
20260901,5724.83,5739.45,5691.6,5699.15
